Semi-Balanced Percentage,Accuracy,Loss
0.0,34.06333333333333,0.17412838339805603
50.0,95.94333333333334,0.04230868071317673
100.0,96.59666666666668,0.016393236815929413
