Semi-Balanced Percentage,Accuracy,Loss
0.0,41.53333333333333,0.06630536913871765
50.0,95.54666666666667,0.019064610823988914
100.0,96.46666666666665,0.013619661331176758
