Balanced Percentage,Loss,Validation Accuracy,Accuracy
0.0,0.1931191086769104,33.689086598621984,33.62951197384948
2.0,0.03767373412847519,90.32114407003492,91.35221311653193
