Balanced Percentage,Loss,Validation Accuracy,Accuracy
0.0,0.14212051033973694,55.51981538451531,60.826082608260826
2.0,0.11575841158628464,91.30536376516955,93.06930693069307
4.0,0.05438890680670738,92.91836777477823,94.48944894489449
6.0,0.04602215811610222,93.931681698671,94.99949994999498
8.0,0.09396927058696747,95.71609820985698,96.6996699669967
10.0,0.09011241793632507,96.61380141166349,97.32973297329733
