Balanced Percentage,Loss,Validation Accuracy,Accuracy
0.0,0.26070159673690796,93.01634849675666,93.50352694005244
100.0,0.3234565258026123,91.28912891289129,91.46914691469146
