Balanced Percentage,Loss,Validation Accuracy,Accuracy
0.0,0.18618810176849365,45.03467478014059,44.348118758843306
2.0,0.16761396825313568,93.02228851199037,93.63079025839015
4.0,1.2059208154678345,93.07228482214983,93.68702338455638
6.0,0.042241837829351425,95.61885073298879,96.28561562920008
