Balanced Percentage,Loss,Validation Accuracy,Accuracy
0.0,0.07102406024932861,36.82857985674837,42.07420742074208
2.0,0.04426760599017143,79.7770334937842,81.30813081308129
4.0,0.011401236057281494,86.96660579118718,88.0988098809881
6.0,0.010749243199825287,88.27476364095459,89.27892789278928
8.0,0.01311908196657896,90.31693702308478,91.2991299129913
