Balanced Percentage,Loss,Validation Accuracy,Accuracy
0.0,0.3669590353965759,88.32520437181604,29.222922292229224
100.0,0.3453802764415741,91.54915491549154,91.49914991499149
