Balanced Percentage,Loss,Validation Accuracy,Accuracy
0.0,0.00018783163977786899,32.96,32.97329732973297
5.0,0.001783875748515129,74.88222222222221,74.28742874287428
10.0,0.0019023114582523704,82.46444444444444,82.68826882688268
15.0,0.003203950822353363,87.34666666666668,87.46874687468747
20.0,0.008106403052806854,90.22333333333333,90.71907190719072
