optimal_epoch,batch_size,learning_rate,opt_loss,opt_val_acc,opt_acc
27,494,0.006779871336456592,0.03289823234081268,96.15961596159616,96.11961196119613
14,15,0.007706592178728678,2.2252401322475635e-05,95.32953295329533,95.23952395239525
17,186,0.005153656478386503,0.01777983456850052,96.24962496249624,96.32963296329633
