optimal_epoch,batch_size,learning_rate,opt_loss,opt_val_acc,opt_acc
49.666666666666664,512,0.006402856760781549,0.026518871386845905,99.42660932759944,99.41994199419943
42.0,64,0.006061366459674765,0.05262897970775764,99.45327866119945,99.46994699469947
42.0,256,0.004621682564797034,0.03289035890096178,99.41660832749943,99.47661432809949
54.33333333333333,64,0.008793928679443147,0.04378791619092227,99.44661132779946,99.54662132879955
